<?xml version="1.0" encoding="UTF-8"?>
<metadata xml:lang="en"><Esri><CreaDate>20150527</CreaDate><CreaTime>09563100</CreaTime><ArcGISFormat>1.0</ArcGISFormat><SyncOnce>FALSE</SyncOnce><DataProperties><itemProps><itemName Sync="TRUE">park_art</itemName><imsContentType Sync="TRUE">002</imsContentType><itemLocation><linkage Sync="TRUE">Server=gisdev; Service=5152; User=gis; Version=SDE.DEFAULT</linkage><protocol Sync="TRUE">ArcSDE Connection</protocol></itemLocation></itemProps><coordRef><type Sync="TRUE">Projected</type><geogcsn Sync="TRUE">GCS_North_American_1983</geogcsn><projcsn Sync="TRUE">NAD_1983_StatePlane_Illinois_East_FIPS_1201_Feet</projcsn><peXml Sync="TRUE">&lt;ProjectedCoordinateSystem xsi:type='typens:ProjectedCoordinateSystem' xmlns:xsi='http://www.w3.org/2001/XMLSchema-instance' xmlns:xs='http://www.w3.org/2001/XMLSchema' xmlns:typens='http://www.esri.com/schemas/ArcGIS/10.0'&gt;&lt;WKT&gt;PROJCS[&amp;quot;NAD_1983_StatePlane_Illinois_East_FIPS_1201_Feet&amp;quot;,GEOGCS[&amp;quot;GCS_North_American_1983&amp;quot;,DATUM[&amp;quot;D_North_American_1983&amp;quot;,SPHEROID[&amp;quot;GRS_1980&amp;quot;,6378137.0,298.257222101]],PRIMEM[&amp;quot;Greenwich&amp;quot;,0.0],UNIT[&amp;quot;Degree&amp;quot;,0.0174532925199433]],PROJECTION[&amp;quot;Transverse_Mercator&amp;quot;],PARAMETER[&amp;quot;False_Easting&amp;quot;,984250.0],PARAMETER[&amp;quot;False_Northing&amp;quot;,0.0],PARAMETER[&amp;quot;Central_Meridian&amp;quot;,-88.33333333333333],PARAMETER[&amp;quot;Scale_Factor&amp;quot;,0.999975],PARAMETER[&amp;quot;Latitude_Of_Origin&amp;quot;,36.66666666666666],UNIT[&amp;quot;Foot_US&amp;quot;,0.3048006096012192],AUTHORITY[&amp;quot;EPSG&amp;quot;,3435]]&lt;/WKT&gt;&lt;XOrigin&gt;-17463800&lt;/XOrigin&gt;&lt;YOrigin&gt;-46132600&lt;/YOrigin&gt;&lt;XYScale&gt;3048.0060960121914&lt;/XYScale&gt;&lt;ZOrigin&gt;-100000&lt;/ZOrigin&gt;&lt;ZScale&gt;10000&lt;/ZScale&gt;&lt;MOrigin&gt;-100000&lt;/MOrigin&gt;&lt;MScale&gt;10000&lt;/MScale&gt;&lt;XYTolerance&gt;0.0032808333333333335&lt;/XYTolerance&gt;&lt;ZTolerance&gt;0.001&lt;/ZTolerance&gt;&lt;MTolerance&gt;0.001&lt;/MTolerance&gt;&lt;HighPrecision&gt;true&lt;/HighPrecision&gt;&lt;WKID&gt;3435&lt;/WKID&gt;&lt;/ProjectedCoordinateSystem&gt;</peXml></coordRef><lineage><Process ToolSource="C:\Program Files (x86)\ArcGIS\Desktop10.0\ArcToolbox\Toolboxes\Conversion Tools.tbx\FeatureClassToFeatureClass" Date="20111027" Time="133240">FeatureClassToFeatureClass C:\Users\tinkeyj\Desktop\temp\park_art.shp C:\Users\tinkeyj\Desktop\temp\Park_Data_2.mdb park_art # "OBJECTID "OBJECTID" true true false 9 Long 0 9 ,First,#,C:\Users\tinkeyj\Desktop\temp\park_art.shp,OBJECTID,-1,-1;PARK "PARK" true true false 60 Text 0 0 ,First,#,C:\Users\tinkeyj\Desktop\temp\park_art.shp,PARK,-1,-1;PARK_NO "PARK_NO" true true false 4 Short 0 4 ,First,#,C:\Users\tinkeyj\Desktop\temp\park_art.shp,PARK_NO,-1,-1;NAME "NAME" true true false 75 Text 0 0 ,First,#,C:\Users\tinkeyj\Desktop\temp\park_art.shp,NAME,-1,-1;XCOORD "XCOORD" true true false 19 Double 0 0 ,First,#,C:\Users\tinkeyj\Desktop\temp\park_art.shp,XCOORD,-1,-1;YCOORD "YCOORD" true true false 19 Double 0 0 ,First,#,C:\Users\tinkeyj\Desktop\temp\park_art.shp,YCOORD,-1,-1;ARTIST "ARTIST" true true false 50 Text 0 0 ,First,#,C:\Users\tinkeyj\Desktop\temp\park_art.shp,ARTIST,-1,-1;OWNER "OWNER" true true false 50 Text 0 0 ,First,#,C:\Users\tinkeyj\Desktop\temp\park_art.shp,OWNER,-1,-1;GISOBJID "GISOBJID" true true false 19 Double 0 0 ,First,#,C:\Users\tinkeyj\Desktop\temp\park_art.shp,GISOBJID,-1,-1" #</Process><Process ToolSource="C:\Program Files\ArcGIS\Desktop10.0\ArcToolbox\Toolboxes\Data Management Tools.tbx\ChangePrivileges" Date="20111110" Time="171741">ChangePrivileges 'Database Connections\Connection to gisdeve.sde\GIS.CPD_PARK_ART';'Database Connections\Connection to gisdeve.sde\GIS.CPD_PARK_BUILDINGS';'Database Connections\Connection to gisdeve.sde\GIS.CPS_PARK_FACILITIES';'Database Connections\Connection to gisdeve.sde\GIS.CPS_PARKS' CHICAGOPARKS GRANT GRANT</Process></lineage></DataProperties><SyncDate>20150319</SyncDate><SyncTime>12250900</SyncTime><ModDate>20150319</ModDate><ModTime>12254000</ModTime></Esri><dataIdInfo><envirDesc Sync="TRUE">Microsoft Windows Vista Version 6.1 (Build 7601) Service Pack 1; ESRI ArcCatalog 9.3.1.3000</envirDesc><dataLang><languageCode value="eng" country="USA"></languageCode></dataLang><idCitation><resTitle Sync="TRUE">GIS.CPD_PARK_ART</resTitle><presForm><PresFormCd value="005"></PresFormCd></presForm></idCitation><descKeys><thesaName uuidref="723f6998-058e-11dc-8314-0800200c9a66"></thesaName><keyword Sync="TRUE">002</keyword></descKeys><spatRpType><SpatRepTypCd value="001"></SpatRepTypCd></spatRpType><dataExt><geoEle><GeoBndBox esriExtentType="native"><westBL Sync="TRUE">1124289.633786</westBL><eastBL Sync="TRUE">1196245.880621</eastBL><northBL Sync="TRUE">1948775.712056</northBL><southBL Sync="TRUE">1823286.630358</southBL><exTypeCode Sync="TRUE">1</exTypeCode></GeoBndBox></geoEle></dataExt><geoBox esriExtentType="decdegrees"><westBL Sync="TRUE">-87.820756</westBL><eastBL Sync="TRUE">-87.553227</eastBL><northBL Sync="TRUE">42.015818</northBL><southBL Sync="TRUE">41.669978</southBL><exTypeCode Sync="TRUE">1</exTypeCode></geoBox></dataIdInfo><mdLang><languageCode value="eng"></languageCode></mdLang><distInfo><distFormat><formatName Sync="TRUE">Personal GeoDatabase Feature Class</formatName></distFormat><distributor><distorTran><onLineSrc><orDesc Sync="TRUE">002</orDesc><linkage Sync="TRUE">Server=10.220.146.23; Service=5152; User=CHICAGOPARKS; Version=SDE.DEFAULT</linkage><protocol Sync="TRUE">ArcSDE Connection</protocol></onLineSrc></distorTran><distorFormat><formatName Sync="TRUE">SDE Feature Class</formatName></distorFormat></distributor></distInfo><mdHrLv><ScopeCd value="005"></ScopeCd></mdHrLv><mdHrLvName Sync="TRUE">dataset</mdHrLvName><refSysInfo><RefSystem><refSysID><identCode code="3435"></identCode><idCodeSpace Sync="TRUE">EPSG</idCodeSpace><idVersion Sync="TRUE">7.4.1</idVersion></refSysID></RefSystem></refSysInfo><spdoinfo><ptvctinf><esriterm Name="GIS.CPD_PARK_ART"><efeatyp Sync="TRUE">Simple</efeatyp><efeageom Sync="TRUE">Point</efeageom><esritopo Sync="TRUE">FALSE</esritopo><efeacnt Sync="TRUE">197</efeacnt><spindex Sync="TRUE">TRUE</spindex><linrefer Sync="TRUE">FALSE</linrefer></esriterm><sdtsterm Name="GIS.CPD_PARK_ART"><sdtstype Sync="TRUE">Entity point</sdtstype><ptvctcnt Sync="TRUE">197</ptvctcnt></sdtsterm></ptvctinf><direct Sync="TRUE">Vector</direct></spdoinfo><spatRepInfo><VectSpatRep><topLvl><TopoLevCd value="001"></TopoLevCd></topLvl><geometObjs><geoObjTyp><GeoObjTypCd value="004"></GeoObjTypCd><geoObjCnt Sync="TRUE">0</geoObjCnt></geoObjTyp></geometObjs></VectSpatRep></spatRepInfo><eainfo><detailed Name="GIS.CPD_PARK_ART"><enttyp><enttypl Sync="TRUE">GIS.CPD_PARK_ART</enttypl><enttypt Sync="TRUE">Feature Class</enttypt><enttypc Sync="TRUE">197</enttypc></enttyp><attr><attrlabl Sync="TRUE">Shape</attrlabl><attalias Sync="TRUE">Shape</attalias><attrtype Sync="TRUE">Geometry</attrtype><attwidth Sync="TRUE">4</attwidth><atprecis Sync="TRUE">0</atprecis><attscale Sync="TRUE">0</attscale><attrdef Sync="TRUE">Feature geometry.</attrdef><attrdefs Sync="TRUE">ESRI</attrdefs><attrdomv><udom Sync="TRUE">Coordinates defining the features.</udom></attrdomv></attr><attr><attrlabl Sync="TRUE">OBJECTID</attrlabl><attalias Sync="TRUE">OBJECTID</attalias><attrtype Sync="TRUE">OID</attrtype><attwidth Sync="TRUE">4</attwidth><atprecis Sync="TRUE">10</atprecis><attscale Sync="TRUE">0</attscale><attrdef Sync="TRUE">Internal feature number.</attrdef><attrdefs Sync="TRUE">ESRI</attrdefs><attrdomv><udom Sync="TRUE">Sequential unique whole numbers that are automatically generated.</udom></attrdomv></attr><attr><attrlabl Sync="TRUE">PARK</attrlabl><attalias Sync="TRUE">PARK</attalias><attrtype Sync="TRUE">String</attrtype><attwidth Sync="TRUE">60</attwidth><atprecis Sync="TRUE">0</atprecis><attscale Sync="TRUE">0</attscale></attr><attr><attrlabl Sync="TRUE">PARK_NO</attrlabl><attalias Sync="TRUE">PARK_NO</attalias><attrtype Sync="TRUE">SmallInteger</attrtype><attwidth Sync="TRUE">2</attwidth><atprecis Sync="TRUE">5</atprecis><attscale Sync="TRUE">0</attscale></attr><attr><attrlabl Sync="TRUE">X_COORD</attrlabl><attalias Sync="TRUE">X_COORD</attalias><attrtype Sync="TRUE">Double</attrtype><attwidth Sync="TRUE">8</attwidth><atprecis Sync="TRUE">38</atprecis><attscale Sync="TRUE">8</attscale></attr><attr><attrlabl Sync="TRUE">Y_COORD</attrlabl><attalias Sync="TRUE">Y_COORD</attalias><attrtype Sync="TRUE">Double</attrtype><attwidth Sync="TRUE">8</attwidth><atprecis Sync="TRUE">38</atprecis><attscale Sync="TRUE">8</attscale></attr><attr><attrlabl Sync="TRUE">NAME</attrlabl><attalias Sync="TRUE">NAME</attalias><attrtype Sync="TRUE">String</attrtype><attwidth Sync="TRUE">75</attwidth><atprecis Sync="TRUE">0</atprecis><attscale Sync="TRUE">0</attscale></attr><attr><attrlabl Sync="TRUE">ARTIST</attrlabl><attalias Sync="TRUE">ARTIST</attalias><attrtype Sync="TRUE">String</attrtype><attwidth Sync="TRUE">50</attwidth><atprecis Sync="TRUE">0</atprecis><attscale Sync="TRUE">0</attscale></attr><attr><attrlabl Sync="TRUE">OWNER</attrlabl><attalias Sync="TRUE">OWNER</attalias><attrtype Sync="TRUE">String</attrtype><attwidth Sync="TRUE">50</attwidth><atprecis Sync="TRUE">0</atprecis><attscale Sync="TRUE">0</attscale></attr><attr><attrlabl Sync="TRUE">GISOBJID</attrlabl><attalias Sync="TRUE">GISOBJID</attalias><attrtype Sync="TRUE">Double</attrtype><attwidth Sync="TRUE">8</attwidth><atprecis Sync="TRUE">38</atprecis><attscale Sync="TRUE">8</attscale></attr></detailed></eainfo><mdDateSt Sync="TRUE">20150319</mdDateSt><idinfo><native Sync="TRUE">Microsoft Windows Vista Version 6.1 (Build 7601) Service Pack 1; ESRI ArcCatalog 9.3.1.3000</native><descript><langdata Sync="TRUE">en</langdata><abstract>This point shapefile represents approximate XY coordinates of artworks within the boundaries of Chicago Park District (http://www.chicagoparkdistrict.com)  properties. Locations are derived from aerial photos and site plans. Data is projected in NAD 1983 State Plane - Illinois East FIPS 1201. Dataset is incomplete as of 14 September 2012, and will be updated when further data becomes available.

Field Definitions: 

"GISOBJID" is a unique identifier used for internal asset management purposes.</abstract><purpose>This data set provides approximate locations of Chicago Park District artworks. The data is intended for use with ArcView, ArcInfo, or other GIS software which supports shapefile format data.</purpose></descript><citation><citeinfo><title Sync="TRUE">GIS.CPD_PARK_ART</title><ftname Sync="TRUE">GIS.CPD_PARK_ART</ftname><geoform Sync="TRUE">vector digital data</geoform><onlink Sync="TRUE">Server=10.220.146.23; Service=5152; User=CHICAGOPARKS; Version=SDE.DEFAULT</onlink><origin>Chicago Park District</origin><pubdate>3/19/2015</pubdate></citeinfo></citation><natvform Sync="TRUE">SDE Feature Class</natvform><spdom><lboundng><leftbc Sync="TRUE">1124289.633786</leftbc><rightbc Sync="TRUE">1196245.880621</rightbc><bottombc Sync="TRUE">1823286.630358</bottombc><topbc Sync="TRUE">1948775.712056</topbc></lboundng><bounding><westbc Sync="TRUE">-87.820756</westbc><eastbc Sync="TRUE">-87.553227</eastbc><northbc Sync="TRUE">42.015818</northbc><southbc Sync="TRUE">41.669978</southbc></bounding></spdom><ptcontac><cntinfo><cntperp><cntper>Jason Tinkey</cntper><cntorg>Chicago Park District</cntorg></cntperp><cntpos>Special Projects Manager</cntpos><cntemail>jason.tinkey@chicagoparkdistrict.com</cntemail></cntinfo></ptcontac><status><progress>In work</progress><update>As needed</update></status><secinfo><secclass>Unclassified</secclass></secinfo><keywords><theme><themekey>art</themekey><themekey>artworks</themekey><themekey>Chicago Park District</themekey><themekey>public art</themekey></theme><place><placekey>Chicago</placekey><placekey>Illinois</placekey></place><temporal><tempkey>2015</tempkey></temporal></keywords><timeperd><timeinfo><sngdate><caldate>3/19/2015</caldate></sngdate></timeinfo><current>publication date</current></timeperd></idinfo><metainfo><langmeta Sync="TRUE">en</langmeta><metstdn Sync="TRUE">FGDC Content Standards for Digital Geospatial Metadata</metstdn><metstdv Sync="TRUE">FGDC-STD-001-1998</metstdv><mettc Sync="TRUE">local time</mettc><metd Sync="TRUE">20150319</metd><metc><cntinfo><cntemail>jason.tinkey@chicagoparkdistrict.com</cntemail><cntaddr><address>541 N. Fairbanks Ct.</address><city>Chicago</city><state>IL</state><postal>60611</postal></cntaddr><cntperp><cntper>Jason Tinkey</cntper><cntorg>Chicago Park District</cntorg></cntperp><cntpos>Special Projects Manager</cntpos></cntinfo></metc><metextns><onlink Sync="TRUE">http://www.esri.com/metadata/esriprof80.html</onlink><metprof Sync="TRUE">ESRI Metadata Profile</metprof></metextns></metainfo><mdStanName Sync="TRUE">ISO 19115 Geographic Information - Metadata</mdStanName><mdStanVer Sync="TRUE">DIS_ESRI1.0</mdStanVer><mdChar><CharSetCd Sync="TRUE" value="004"></CharSetCd></mdChar><distinfo><resdesc Sync="TRUE">Downloadable Data</resdesc></distinfo><spref><horizsys><cordsysn><geogcsn Sync="TRUE">GCS_North_American_1983</geogcsn><projcsn Sync="TRUE">NAD_1983_StatePlane_Illinois_East_FIPS_1201_Feet</projcsn></cordsysn><planar><planci><plance Sync="TRUE">coordinate pair</plance><plandu Sync="TRUE">survey feet</plandu><coordrep><absres Sync="TRUE">0.000328</absres><ordres Sync="TRUE">0.000328</ordres></coordrep></planci><mapproj><mapprojn Sync="TRUE">Transverse Mercator</mapprojn><transmer><sfctrmer Sync="TRUE">0.999975</sfctrmer><longcm Sync="TRUE">-88.333333</longcm><latprjo Sync="TRUE">36.666667</latprjo><feast Sync="TRUE">984250.000000</feast><fnorth Sync="TRUE">0.000000</fnorth></transmer></mapproj></planar><geodetic><horizdn Sync="TRUE">North American Datum of 1983</horizdn><ellips Sync="TRUE">Geodetic Reference System 80</ellips><semiaxis Sync="TRUE">6378137.000000</semiaxis><denflat Sync="TRUE">298.257222</denflat></geodetic></horizsys><vertdef><altsys><altenc Sync="TRUE">Explicit elevation coordinate included with horizontal coordinates</altenc><altres Sync="TRUE">1.000000</altres></altsys></vertdef></spref></metadata>
